id_registro,data_hora,regiao,latitude,longitude,temperatura_c,umidade_ar_percentual,umidade_solo_percentual,luminosidade_lux,velocidade_vento_kmh,chuva_mm,ph_solo,indice_vegetacao,risco_agricola,alerta
1,2026-06-01 00:00:00,Talhao_Oeste,-15.52508,-47.85754,31.1,28.6,7.8,74684.0,14.3,0.0,8.5,0.882,critico,acao_recomendada
2,2026-06-01 00:29:00,Talhao_Central,-15.52284,-47.80385,38.2,58.7,60.2,13001.0,10.9,10.4,5.81,0.351,saudavel,sem_alerta
3,2026-06-01 00:58:00,Talhao_Leste,-15.51021,-47.74148,27.0,46.6,54.8,73387.0,23.7,13.1,7.49,0.825,saudavel,sem_alerta
4,2026-06-01 01:27:00,Talhao_Central,-15.51631,-47.80677,39.7,82.0,40.6,27211.0,21.2,1.4,7.73,0.537,critico,acao_recomendada
5,2026-06-01 01:56:00,Talhao_Central,-15.51102,-47.79068,28.6,76.3,68.3,91436.0,12.8,24.3,7.93,0.561,saudavel,sem_alerta
6,2026-06-01 02:25:00,Talhao_Sul,-15.55715,-47.80588,20.2,40.6,65.4,41275.0,7.6,5.7,8.49,0.397,atencao,monitorar
7,2026-06-01 02:54:00,Talhao_Leste,-15.52236,-47.74517,39.9,34.5,48.9,37789.0,34.6,7.6,5.47,0.608,critico,acao_recomendada
8,2026-06-01 03:23:00,Talhao_Leste,-15.51891,-47.74907,22.0,43.5,70.1,22655.0,15.9,7.6,4.66,0.41,atencao,monitorar
9,2026-06-01 03:52:00,Talhao_Leste,-15.52846,-47.74231,27.0,59.3,20.4,35976.0,24.1,5.8,6.14,0.181,atencao,monitorar
10,2026-06-01 04:21:00,Talhao_Central,-15.52992,-47.79892,40.9,35.1,13.4,84515.0,4.9,0.0,5.02,0.368,critico,acao_recomendada
11,2026-06-01 04:50:00,Talhao_Oeste,-15.51659,-47.84931,40.9,61.8,25.2,94688.0,17.0,18.2,4.59,0.155,atencao,monitorar
12,2026-06-01 05:19:00,Talhao_Leste,-15.51716,-47.75609,32.6,45.7,9.3,41306.0,1.0,24.2,5.94,0.933,atencao,monitorar
13,2026-06-01 05:48:00,Talhao_Central,-15.52178,-47.80668,33.9,56.4,44.8,48132.0,17.7,5.6,7.63,0.923,atencao,monitorar
14,2026-06-01 06:17:00,Talhao_Sul,-15.55021,-47.79167,29.9,47.7,75.2,71376.0,33.7,16.6,6.76,0.466,atencao,monitorar
15,2026-06-01 06:46:00,Talhao_Oeste,-15.52169,-47.85344,26.5,37.1,8.0,85327.0,13.4,18.5,5.75,0.733,atencao,monitorar
16,2026-06-01 07:15:00,Talhao_Sul,-15.55952,-47.80256,27.2,86.1,14.2,60409.0,1.4,21.2,7.12,0.427,atencao,monitorar
17,2026-06-01 07:44:00,Talhao_Oeste,-15.52329,-47.8448,34.8,72.3,38.9,43280.0,1.1,10.6,5.43,0.687,atencao,monitorar
18,2026-06-01 08:13:00,Talhao_Central,-15.52646,-47.80322,36.6,25.5,75.0,45073.0,13.6,7.6,4.56,0.794,atencao,monitorar
19,2026-06-01 08:42:00,Talhao_Norte,-15.50803,-47.79096,37.4,80.1,28.7,69128.0,5.6,8.1,7.56,0.907,atencao,monitorar
20,2026-06-01 09:11:00,Talhao_Oeste,-15.51087,-47.84524,37.4,51.6,43.0,10274.0,0.8,17.8,6.99,0.47,atencao,monitorar
21,2026-06-01 09:40:00,Talhao_Sul,-15.54801,-47.79805,22.0,82.1,8.1,62665.0,26.5,20.4,7.55,0.777,atencao,monitorar
22,2026-06-01 10:09:00,Talhao_Central,-15.51543,-47.79238,30.9,75.0,16.1,40217.0,16.0,4.5,4.66,0.363,critico,acao_recomendada
23,2026-06-01 10:38:00,Talhao_Oeste,-15.52369,-47.85901,21.3,46.9,79.0,77507.0,10.1,9.3,7.85,0.942,saudavel,sem_alerta
24,2026-06-01 11:07:00,Talhao_Norte,-15.50214,-47.80486,32.1,16.7,77.4,17904.0,31.5,22.5,6.98,0.171,atencao,monitorar
25,2026-06-01 11:36:00,Talhao_Norte,-15.50526,-47.8007,29.7,35.2,5.4,59997.0,4.1,20.2,6.75,0.633,atencao,monitorar
26,2026-06-01 12:05:00,Talhao_Leste,-15.52806,-47.75546,39.5,55.6,76.4,50883.0,33.5,24.6,7.0,0.678,atencao,monitorar
27,2026-06-01 12:34:00,Talhao_Leste,-15.52642,-47.74512,27.7,62.5,52.9,64598.0,11.0,18.9,7.96,0.7,saudavel,sem_alerta
28,2026-06-01 13:03:00,Talhao_Sul,-15.54405,-47.79162,22.6,34.3,70.1,15513.0,31.1,9.8,6.85,0.246,atencao,monitorar
29,2026-06-01 13:32:00,Talhao_Oeste,-15.51645,-47.85152,23.1,25.5,39.1,59299.0,21.1,14.8,6.82,0.901,atencao,monitorar
30,2026-06-01 14:01:00,Talhao_Oeste,-15.51906,-47.85316,36.8,77.6,43.7,57726.0,28.9,16.5,8.46,0.295,critico,acao_recomendada
31,2026-06-01 14:30:00,Talhao_Leste,-15.5205,-47.74077,33.6,88.8,41.7,57656.0,34.4,2.0,7.53,0.648,critico,acao_recomendada
32,2026-06-01 14:59:00,Talhao_Oeste,-15.51155,-47.8511,22.2,54.4,55.0,61296.0,10.1,13.6,6.27,0.328,saudavel,sem_alerta
33,2026-06-01 15:28:00,Talhao_Oeste,-15.52855,-47.85022,21.9,27.9,15.5,67500.0,33.6,17.7,7.33,0.396,critico,acao_recomendada
34,2026-06-01 15:57:00,Talhao_Norte,-15.50439,-47.80297,35.4,35.4,7.2,78424.0,13.6,4.2,6.06,0.587,atencao,monitorar
35,2026-06-01 16:26:00,Talhao_Leste,-15.523,-47.74181,21.6,16.4,28.1,32935.0,13.5,19.5,5.42,0.484,atencao,monitorar
36,2026-06-01 16:55:00,Talhao_Central,-15.51435,-47.79862,38.1,83.6,57.9,80129.0,11.9,14.6,6.89,0.278,atencao,monitorar
37,2026-06-01 17:24:00,Talhao_Leste,-15.51015,-47.74476,35.5,23.8,20.1,52352.0,18.9,23.8,8.21,0.287,critico,acao_recomendada
38,2026-06-01 17:53:00,Talhao_Central,-15.52519,-47.79376,21.8,58.2,55.5,16550.0,5.4,1.1,8.22,0.485,atencao,monitorar
39,2026-06-01 18:22:00,Talhao_Norte,-15.49251,-47.80316,21.9,35.6,77.7,14977.0,19.4,6.6,5.87,0.756,atencao,monitorar
40,2026-06-01 18:51:00,Talhao_Sul,-15.54339,-47.80133,41.7,56.6,12.0,38410.0,19.0,15.0,6.61,0.868,atencao,monitorar
41,2026-06-01 19:20:00,Talhao_Oeste,-15.52551,-47.84303,28.2,63.9,55.4,76716.0,26.7,7.4,5.35,0.217,atencao,monitorar
42,2026-06-01 19:49:00,Talhao_Norte,-15.50201,-47.80273,28.2,77.2,38.3,70153.0,29.2,17.9,8.48,0.464,atencao,monitorar
43,2026-06-01 20:18:00,Talhao_Oeste,-15.52181,-47.84412,37.9,30.5,70.1,77032.0,15.4,19.0,8.42,0.23,atencao,monitorar
44,2026-06-01 20:47:00,Talhao_Sul,-15.54044,-47.79118,40.8,15.8,18.3,53968.0,10.6,2.6,7.1,0.163,critico,acao_recomendada
45,2026-06-01 21:16:00,Talhao_Sul,-15.55638,-47.79754,41.7,25.3,56.9,47417.0,9.1,12.8,7.72,0.679,atencao,monitorar
46,2026-06-01 21:45:00,Talhao_Norte,-15.49402,-47.79517,36.6,82.5,67.9,22533.0,6.8,12.7,7.36,0.632,saudavel,sem_alerta
47,2026-06-01 22:14:00,Talhao_Sul,-15.55332,-47.7939,28.3,80.5,75.8,37896.0,2.0,9.2,6.87,0.28,saudavel,sem_alerta
48,2026-06-01 22:43:00,Talhao_Central,-15.51538,-47.7931,21.8,59.8,56.2,46892.0,12.0,23.3,4.71,0.337,atencao,monitorar
49,2026-06-01 23:12:00,Talhao_Sul,-15.5516,-47.8021,37.1,60.0,42.3,17531.0,9.5,20.7,6.32,0.169,atencao,monitorar
50,2026-06-01 23:41:00,Talhao_Oeste,-15.51843,-47.85897,32.3,64.9,51.3,28752.0,33.8,17.4,7.2,0.818,atencao,monitorar
51,2026-06-02 00:10:00,Talhao_Oeste,-15.51335,-47.85196,29.3,28.2,70.2,60849.0,19.5,17.9,7.21,0.93,atencao,monitorar
52,2026-06-02 00:39:00,Talhao_Oeste,-15.51392,-47.84652,39.9,83.6,47.8,72531.0,12.2,11.5,5.99,0.258,atencao,monitorar
53,2026-06-02 01:08:00,Talhao_Oeste,-15.51267,-47.85099,22.4,46.4,7.3,94860.0,20.3,23.0,8.27,0.335,critico,acao_recomendada
54,2026-06-02 01:37:00,Talhao_Central,-15.52881,-47.79502,30.8,43.7,74.8,89315.0,4.9,17.4,5.17,0.845,atencao,monitorar
55,2026-06-02 02:06:00,Talhao_Leste,-15.51616,-47.75286,20.2,53.9,56.7,64618.0,15.5,18.2,6.5,0.891,saudavel,sem_alerta
56,2026-06-02 02:35:00,Talhao_Norte,-15.5072,-47.79731,30.3,18.5,55.7,45806.0,21.9,21.5,7.26,0.486,atencao,monitorar
57,2026-06-02 03:04:00,Talhao_Oeste,-15.52168,-47.85627,21.2,27.5,21.2,64075.0,17.1,6.9,7.29,0.19,critico,acao_recomendada
58,2026-06-02 03:33:00,Talhao_Sul,-15.54903,-47.79501,22.6,70.4,54.4,76780.0,14.1,20.2,7.09,0.182,saudavel,sem_alerta
59,2026-06-02 04:02:00,Talhao_Oeste,-15.52195,-47.84909,22.6,21.2,34.5,20059.0,34.8,4.9,5.6,0.609,atencao,monitorar
60,2026-06-02 04:31:00,Talhao_Sul,-15.54961,-47.80592,34.3,60.2,53.8,44842.0,30.8,8.6,5.12,0.464,atencao,monitorar
61,2026-06-02 05:00:00,Talhao_Sul,-15.54007,-47.80416,36.4,33.4,13.0,81383.0,21.8,8.4,7.04,0.173,critico,acao_recomendada
62,2026-06-02 05:29:00,Talhao_Oeste,-15.5273,-47.84503,32.8,44.2,54.3,42626.0,19.9,24.5,6.9,0.617,saudavel,sem_alerta
63,2026-06-02 05:58:00,Talhao_Central,-15.51649,-47.80035,41.2,36.7,80.0,58609.0,21.7,21.4,5.22,0.159,critico,acao_recomendada
64,2026-06-02 06:27:00,Talhao_Sul,-15.55208,-47.80568,28.2,41.7,8.6,59960.0,7.0,17.5,7.32,0.78,atencao,monitorar
65,2026-06-02 06:56:00,Talhao_Sul,-15.55734,-47.79065,26.3,68.9,78.3,25680.0,13.8,18.2,6.32,0.395,saudavel,sem_alerta
66,2026-06-02 07:25:00,Talhao_Oeste,-15.52683,-47.8457,39.1,37.3,35.5,40790.0,1.4,14.1,7.17,0.182,atencao,monitorar
67,2026-06-02 07:54:00,Talhao_Sul,-15.54101,-47.79086,24.9,57.5,70.3,38433.0,16.6,23.7,7.85,0.621,saudavel,sem_alerta
68,2026-06-02 08:23:00,Talhao_Sul,-15.54241,-47.80146,41.2,50.7,63.7,12227.0,19.0,12.4,5.18,0.468,atencao,monitorar
69,2026-06-02 08:52:00,Talhao_Oeste,-15.51186,-47.8505,20.3,64.8,47.5,12056.0,8.0,9.5,4.58,0.929,saudavel,sem_alerta
70,2026-06-02 09:21:00,Talhao_Oeste,-15.51017,-47.84204,41.3,85.3,60.4,80694.0,33.7,4.1,7.62,0.585,critico,acao_recomendada
71,2026-06-02 09:50:00,Talhao_Norte,-15.50583,-47.7995,20.9,69.9,70.9,33211.0,31.8,19.7,6.94,0.37,saudavel,sem_alerta
72,2026-06-02 10:19:00,Talhao_Central,-15.52289,-47.79585,39.6,31.1,35.3,54037.0,25.3,18.4,7.3,0.718,atencao,monitorar
73,2026-06-02 10:48:00,Talhao_Central,-15.51662,-47.80496,31.6,17.3,29.5,35392.0,18.7,9.6,7.85,0.367,critico,acao_recomendada
74,2026-06-02 11:17:00,Talhao_Sul,-15.55032,-47.80107,41.8,34.7,55.1,89958.0,30.4,0.6,7.71,0.873,critico,acao_recomendada
75,2026-06-02 11:46:00,Talhao_Central,-15.52163,-47.80753,21.6,59.6,65.6,32040.0,4.6,21.0,8.34,0.45,saudavel,sem_alerta
76,2026-06-02 12:15:00,Talhao_Sul,-15.55284,-47.80588,32.2,18.9,62.2,46521.0,27.7,0.3,6.64,0.59,critico,acao_recomendada
77,2026-06-02 12:44:00,Talhao_Norte,-15.49812,-47.80998,41.3,52.2,64.8,84182.0,4.4,17.6,6.45,0.19,atencao,monitorar
78,2026-06-02 13:13:00,Talhao_Oeste,-15.51849,-47.85921,31.5,59.8,37.7,81564.0,27.8,24.3,6.11,0.491,atencao,monitorar
79,2026-06-02 13:42:00,Talhao_Oeste,-15.52677,-47.84045,33.8,40.1,66.3,25819.0,9.7,10.9,5.11,0.816,atencao,monitorar
80,2026-06-02 14:11:00,Talhao_Oeste,-15.52057,-47.85515,35.3,72.8,14.0,78225.0,30.7,5.9,6.79,0.795,atencao,monitorar
81,2026-06-02 14:40:00,Talhao_Central,-15.51893,-47.79673,30.0,23.0,45.8,48946.0,33.0,17.6,5.61,0.329,critico,acao_recomendada
82,2026-06-02 15:09:00,Talhao_Norte,-15.49859,-47.79322,33.8,20.6,5.4,51052.0,5.2,20.4,8.19,0.331,critico,acao_recomendada
83,2026-06-02 15:38:00,Talhao_Central,-15.5258,-47.79899,32.9,69.6,29.3,21346.0,16.2,13.7,6.83,0.804,saudavel,sem_alerta
84,2026-06-02 16:07:00,Talhao_Central,-15.51515,-47.80694,39.8,52.2,32.5,16851.0,34.3,24.2,6.87,0.894,atencao,monitorar
85,2026-06-02 16:36:00,Talhao_Norte,-15.5095,-47.79544,21.0,66.6,34.7,71875.0,16.9,1.3,5.92,0.226,atencao,monitorar
86,2026-06-02 17:05:00,Talhao_Norte,-15.5029,-47.79799,26.2,47.6,57.2,52199.0,30.2,12.6,4.71,0.51,atencao,monitorar
87,2026-06-02 17:34:00,Talhao_Norte,-15.4944,-47.79537,40.9,33.5,34.1,47132.0,20.6,18.0,4.63,0.42,critico,acao_recomendada
88,2026-06-02 18:03:00,Talhao_Norte,-15.49872,-47.79461,39.6,76.4,38.7,72008.0,13.1,21.6,6.19,0.847,saudavel,sem_alerta
89,2026-06-02 18:32:00,Talhao_Oeste,-15.52478,-47.84049,30.0,75.0,22.8,75069.0,10.0,4.5,4.84,0.217,critico,acao_recomendada
90,2026-06-02 19:01:00,Talhao_Leste,-15.5161,-47.74853,33.6,67.1,33.0,23507.0,7.1,20.0,6.93,0.319,atencao,monitorar
91,2026-06-02 19:30:00,Talhao_Leste,-15.51865,-47.75317,26.1,35.4,22.0,61869.0,26.7,13.8,8.02,0.752,atencao,monitorar
92,2026-06-02 19:59:00,Talhao_Norte,-15.49408,-47.79703,24.1,59.3,10.5,21505.0,13.5,9.9,8.03,0.191,atencao,monitorar
93,2026-06-02 20:28:00,Talhao_Leste,-15.5153,-47.75863,30.2,42.1,50.3,73867.0,17.9,3.3,7.14,0.544,atencao,monitorar
94,2026-06-02 20:57:00,Talhao_Leste,-15.5178,-47.74205,27.8,21.9,55.1,65841.0,17.2,21.6,5.34,0.504,atencao,monitorar
95,2026-06-02 21:26:00,Talhao_Norte,-15.50024,-47.80761,32.8,83.8,51.5,91312.0,20.2,3.9,7.95,0.418,atencao,monitorar
96,2026-06-02 21:55:00,Talhao_Leste,-15.52734,-47.75344,21.7,25.3,39.8,15861.0,30.3,7.7,8.04,0.466,critico,acao_recomendada
97,2026-06-02 22:24:00,Talhao_Central,-15.52477,-47.79369,41.4,86.3,33.5,14850.0,34.3,7.3,5.29,0.574,critico,acao_recomendada
98,2026-06-02 22:53:00,Talhao_Sul,-15.55162,-47.79805,41.7,48.5,69.8,33986.0,14.3,21.8,7.45,0.279,atencao,monitorar
99,2026-06-02 23:22:00,Talhao_Sul,-15.54801,-47.80213,35.4,28.9,43.9,32245.0,29.0,16.8,5.65,0.608,critico,acao_recomendada
100,2026-06-02 23:51:00,Talhao_Norte,-15.49973,-47.80053,31.8,55.6,40.9,30993.0,26.8,19.9,7.71,0.794,atencao,monitorar
101,2026-06-03 00:20:00,Talhao_Oeste,-15.52424,-47.84291,26.8,80.5,6.9,87032.0,20.1,6.3,8.49,0.758,atencao,monitorar
102,2026-06-03 00:49:00,Talhao_Norte,-15.50987,-47.8032,37.9,69.9,30.6,31211.0,33.5,15.6,4.62,0.273,critico,acao_recomendada
103,2026-06-03 01:18:00,Talhao_Oeste,-15.52008,-47.84261,35.1,75.5,33.5,33116.0,7.0,14.3,8.09,0.269,atencao,monitorar
104,2026-06-03 01:47:00,Talhao_Sul,-15.55429,-47.80824,23.6,64.4,34.9,74549.0,3.8,20.8,6.99,0.365,saudavel,sem_alerta
105,2026-06-03 02:16:00,Talhao_Norte,-15.49531,-47.79446,40.0,66.9,48.5,48228.0,29.9,22.7,8.39,0.439,atencao,monitorar
106,2026-06-03 02:45:00,Talhao_Central,-15.52952,-47.79305,38.1,78.7,45.0,76020.0,15.4,0.3,6.36,0.477,atencao,monitorar
107,2026-06-03 03:14:00,Talhao_Leste,-15.5183,-47.75636,40.9,33.7,50.6,15556.0,29.6,16.9,7.89,0.694,atencao,monitorar
108,2026-06-03 03:43:00,Talhao_Oeste,-15.51117,-47.85139,36.0,51.7,62.4,51444.0,31.3,1.3,4.75,0.195,critico,acao_recomendada
109,2026-06-03 04:12:00,Talhao_Leste,-15.52651,-47.75669,33.5,31.6,66.0,12857.0,2.2,13.7,5.84,0.178,atencao,monitorar
110,2026-06-03 04:41:00,Talhao_Leste,-15.52057,-47.74587,29.2,89.1,58.9,15326.0,30.9,7.2,4.77,0.464,atencao,monitorar
111,2026-06-03 05:10:00,Talhao_Norte,-15.50817,-47.79929,40.5,85.8,76.7,87047.0,15.7,7.7,8.4,0.708,atencao,monitorar
112,2026-06-03 05:39:00,Talhao_Leste,-15.51749,-47.74729,39.1,18.0,6.4,21836.0,17.9,8.8,7.77,0.305,critico,acao_recomendada
113,2026-06-03 06:08:00,Talhao_Central,-15.51899,-47.80607,21.0,67.9,19.7,55256.0,21.9,15.5,7.91,0.663,atencao,monitorar
114,2026-06-03 06:37:00,Talhao_Leste,-15.52185,-47.75577,20.6,84.4,5.6,44943.0,32.4,8.4,8.25,0.358,atencao,monitorar
115,2026-06-03 07:06:00,Talhao_Norte,-15.49957,-47.80917,28.3,28.5,53.6,39524.0,0.7,18.3,4.84,0.859,atencao,monitorar
116,2026-06-03 07:35:00,Talhao_Central,-15.51207,-47.80356,37.8,57.6,72.4,86486.0,16.7,10.1,6.04,0.867,saudavel,sem_alerta
117,2026-06-03 08:04:00,Talhao_Sul,-15.55607,-47.79881,41.7,83.7,23.3,11855.0,24.1,1.7,4.78,0.388,critico,acao_recomendada
118,2026-06-03 08:33:00,Talhao_Leste,-15.52955,-47.74284,23.3,17.5,74.5,66422.0,25.3,19.6,5.34,0.334,critico,acao_recomendada
119,2026-06-03 09:02:00,Talhao_Norte,-15.49277,-47.79666,33.1,67.3,9.5,91889.0,24.2,7.1,5.42,0.479,critico,acao_recomendada
120,2026-06-03 09:31:00,Talhao_Sul,-15.54846,-47.80129,28.4,37.3,75.1,57614.0,4.7,10.8,6.38,0.342,saudavel,sem_alerta
121,2026-06-03 10:00:00,Talhao_Sul,-15.54219,-47.79094,41.3,84.3,31.4,89630.0,10.5,17.1,5.57,0.688,atencao,monitorar
122,2026-06-03 10:29:00,Talhao_Oeste,-15.51806,-47.84562,38.5,87.8,12.6,14442.0,12.6,8.3,4.9,0.811,atencao,monitorar
123,2026-06-03 10:58:00,Talhao_Central,-15.5138,-47.7914,38.4,85.8,41.4,45597.0,28.2,1.4,5.17,0.688,critico,acao_recomendada
124,2026-06-03 11:27:00,Talhao_Leste,-15.52141,-47.74945,30.3,50.6,24.3,32113.0,9.8,9.3,5.09,0.809,atencao,monitorar
125,2026-06-03 11:56:00,Talhao_Norte,-15.495,-47.80482,29.1,79.7,26.4,72120.0,7.4,23.6,8.39,0.468,atencao,monitorar
126,2026-06-03 12:25:00,Talhao_Oeste,-15.51174,-47.85894,26.0,78.3,28.0,93410.0,33.5,16.0,7.54,0.275,atencao,monitorar
127,2026-06-03 12:54:00,Talhao_Central,-15.51856,-47.79548,21.2,38.9,65.2,31805.0,0.3,16.8,8.37,0.74,saudavel,sem_alerta
128,2026-06-03 13:23:00,Talhao_Oeste,-15.52638,-47.85757,39.0,77.2,45.4,65605.0,34.9,15.8,6.26,0.438,atencao,monitorar
129,2026-06-03 13:52:00,Talhao_Central,-15.52462,-47.80394,37.9,17.8,28.3,26838.0,23.7,5.0,5.61,0.687,critico,acao_recomendada
130,2026-06-03 14:21:00,Talhao_Central,-15.52603,-47.79935,42.0,59.7,50.8,58053.0,29.0,10.5,7.69,0.367,atencao,monitorar
131,2026-06-03 14:50:00,Talhao_Leste,-15.52506,-47.74871,41.9,32.3,58.7,49434.0,10.3,18.8,5.81,0.215,atencao,monitorar
132,2026-06-03 15:19:00,Talhao_Central,-15.52387,-47.79799,32.2,24.0,25.4,92620.0,0.5,2.5,5.7,0.944,atencao,monitorar
133,2026-06-03 15:48:00,Talhao_Oeste,-15.5189,-47.85667,36.9,20.8,36.0,61725.0,25.8,6.9,5.43,0.275,critico,acao_recomendada
134,2026-06-03 16:17:00,Talhao_Central,-15.51824,-47.80241,40.8,67.2,14.1,39708.0,29.2,6.9,5.02,0.941,critico,acao_recomendada
135,2026-06-03 16:46:00,Talhao_Leste,-15.52147,-47.74766,38.7,40.5,18.6,19698.0,25.9,10.8,5.53,0.932,critico,acao_recomendada
136,2026-06-03 17:15:00,Talhao_Leste,-15.51769,-47.7406,25.4,69.4,56.1,22856.0,5.0,24.5,5.92,0.785,saudavel,sem_alerta
137,2026-06-03 17:44:00,Talhao_Oeste,-15.52837,-47.84545,29.9,19.9,18.6,29152.0,26.4,1.7,7.2,0.678,critico,acao_recomendada
138,2026-06-03 18:13:00,Talhao_Sul,-15.55824,-47.79155,22.8,38.6,44.4,31332.0,26.9,13.0,4.75,0.612,atencao,monitorar
139,2026-06-03 18:42:00,Talhao_Sul,-15.55656,-47.79476,41.0,55.5,58.2,82302.0,23.0,4.5,5.34,0.843,atencao,monitorar
140,2026-06-03 19:11:00,Talhao_Central,-15.51964,-47.79817,33.3,74.3,13.0,57704.0,26.8,24.3,7.74,0.382,critico,acao_recomendada
141,2026-06-03 19:40:00,Talhao_Norte,-15.50572,-47.80616,25.0,38.9,47.5,54488.0,29.6,2.8,5.09,0.524,atencao,monitorar
142,2026-06-03 20:09:00,Talhao_Central,-15.52433,-47.79667,34.8,61.9,24.2,19755.0,21.5,10.1,5.87,0.646,atencao,monitorar
143,2026-06-03 20:38:00,Talhao_Oeste,-15.52199,-47.84753,33.6,81.4,77.2,83112.0,3.1,18.4,7.96,0.479,atencao,monitorar
144,2026-06-03 21:07:00,Talhao_Oeste,-15.51376,-47.84795,27.9,61.2,41.3,71439.0,17.1,17.6,5.12,0.492,atencao,monitorar
145,2026-06-03 21:36:00,Talhao_Oeste,-15.52972,-47.8502,22.5,32.5,65.4,15752.0,2.7,10.6,4.83,0.414,atencao,monitorar
146,2026-06-03 22:05:00,Talhao_Oeste,-15.51701,-47.84943,34.8,16.8,46.3,70166.0,14.3,8.7,6.44,0.601,saudavel,sem_alerta
147,2026-06-03 22:34:00,Talhao_Oeste,-15.51662,-47.85331,31.4,80.3,8.3,56201.0,14.2,9.9,5.71,0.83,atencao,monitorar
148,2026-06-03 23:03:00,Talhao_Leste,-15.51403,-47.74961,37.0,16.6,52.5,16947.0,2.3,6.6,6.75,0.311,atencao,monitorar
149,2026-06-03 23:32:00,Talhao_Sul,-15.54134,-47.80605,31.4,80.6,76.4,48956.0,12.2,5.1,7.72,0.898,atencao,monitorar
150,2026-06-04 00:01:00,Talhao_Oeste,-15.5296,-47.8439,38.7,54.7,50.1,51199.0,3.9,12.1,5.05,0.701,atencao,monitorar
151,2026-06-04 00:30:00,Talhao_Norte,-15.50692,-47.80628,32.1,85.4,66.4,24091.0,28.3,6.7,6.82,0.809,atencao,monitorar
152,2026-06-04 00:59:00,Talhao_Norte,-15.49228,-47.8083,32.3,74.9,71.3,90384.0,33.2,7.2,6.52,0.595,atencao,monitorar
153,2026-06-04 01:28:00,Talhao_Norte,-15.50083,-47.80128,39.3,89.8,22.1,82248.0,2.5,16.4,5.08,0.774,atencao,monitorar
154,2026-06-04 01:57:00,Talhao_Norte,-15.49871,-47.79683,28.9,41.3,20.9,66867.0,33.4,24.2,7.0,0.163,critico,acao_recomendada
155,2026-06-04 02:26:00,Talhao_Leste,-15.51674,-47.75125,22.9,72.5,50.8,49295.0,18.3,15.1,5.59,0.805,saudavel,sem_alerta
156,2026-06-04 02:55:00,Talhao_Norte,-15.49642,-47.80446,20.6,45.1,35.8,45000.0,10.5,1.9,6.45,0.182,atencao,monitorar
157,2026-06-04 03:24:00,Talhao_Oeste,-15.51137,-47.84884,36.6,51.0,68.0,65333.0,2.7,1.9,4.83,0.862,atencao,monitorar
158,2026-06-04 03:53:00,Talhao_Central,-15.51006,-47.80306,33.6,62.1,72.5,56362.0,17.5,23.8,6.34,0.944,saudavel,sem_alerta
159,2026-06-04 04:22:00,Talhao_Norte,-15.4956,-47.79134,35.5,80.5,31.5,15293.0,27.8,7.4,5.73,0.385,critico,acao_recomendada
160,2026-06-04 04:51:00,Talhao_Leste,-15.52426,-47.74155,24.7,88.8,22.8,53563.0,24.7,2.3,7.79,0.318,critico,acao_recomendada
161,2026-06-04 05:20:00,Talhao_Leste,-15.5124,-47.74995,23.0,72.6,63.5,78544.0,1.8,15.0,4.73,0.762,saudavel,sem_alerta
162,2026-06-04 05:49:00,Talhao_Norte,-15.50902,-47.80344,20.3,46.3,25.6,49035.0,2.6,15.6,6.17,0.352,saudavel,sem_alerta
163,2026-06-04 06:18:00,Talhao_Central,-15.52538,-47.79526,27.7,46.6,66.7,14416.0,14.1,16.2,6.33,0.842,saudavel,sem_alerta
164,2026-06-04 06:47:00,Talhao_Norte,-15.49205,-47.80927,33.0,70.3,36.8,76834.0,10.3,6.7,7.4,0.232,atencao,monitorar
165,2026-06-04 07:16:00,Talhao_Leste,-15.52488,-47.7505,28.6,32.9,55.1,27116.0,8.1,0.4,6.8,0.251,atencao,monitorar
166,2026-06-04 07:45:00,Talhao_Sul,-15.55559,-47.80327,29.6,23.3,12.2,31983.0,9.8,24.1,7.17,0.933,atencao,monitorar
167,2026-06-04 08:14:00,Talhao_Oeste,-15.52724,-47.84159,39.9,41.6,51.8,24000.0,28.1,6.3,7.61,0.689,critico,acao_recomendada
168,2026-06-04 08:43:00,Talhao_Leste,-15.51282,-47.75976,27.7,36.5,38.9,38068.0,32.5,16.9,7.95,0.828,atencao,monitorar
169,2026-06-04 09:12:00,Talhao_Norte,-15.5,-47.79894,31.3,37.2,49.0,74324.0,14.2,17.7,5.76,0.409,atencao,monitorar
170,2026-06-04 09:41:00,Talhao_Oeste,-15.5165,-47.84519,37.2,32.5,17.6,54148.0,31.7,15.3,6.65,0.691,atencao,monitorar
171,2026-06-04 10:10:00,Talhao_Norte,-15.50522,-47.8003,28.7,18.2,60.3,27415.0,11.3,7.8,7.86,0.625,atencao,monitorar
172,2026-06-04 10:39:00,Talhao_Norte,-15.49484,-47.80829,33.7,16.3,69.7,84616.0,16.7,6.8,8.46,0.633,atencao,monitorar
173,2026-06-04 11:08:00,Talhao_Sul,-15.5448,-47.79055,39.0,89.1,21.3,84764.0,7.9,14.9,8.06,0.696,atencao,monitorar
174,2026-06-04 11:37:00,Talhao_Oeste,-15.52375,-47.84964,40.9,47.1,12.2,83999.0,22.4,21.7,5.99,0.61,atencao,monitorar
175,2026-06-04 12:06:00,Talhao_Oeste,-15.52179,-47.84772,23.2,43.8,6.8,30298.0,34.3,23.7,5.28,0.493,critico,acao_recomendada
176,2026-06-04 12:35:00,Talhao_Sul,-15.55581,-47.80527,40.4,66.0,53.1,48355.0,21.1,2.6,6.46,0.371,atencao,monitorar
177,2026-06-04 13:04:00,Talhao_Leste,-15.51047,-47.75033,30.8,31.4,50.5,93724.0,12.5,3.9,7.47,0.765,atencao,monitorar
178,2026-06-04 13:33:00,Talhao_Norte,-15.49709,-47.80142,25.7,86.2,46.0,75621.0,22.7,23.6,6.47,0.331,saudavel,sem_alerta
179,2026-06-04 14:02:00,Talhao_Central,-15.51131,-47.8085,30.1,74.0,22.4,12309.0,4.3,18.4,6.43,0.704,saudavel,sem_alerta
180,2026-06-04 14:31:00,Talhao_Norte,-15.50393,-47.80788,41.6,21.7,34.3,15542.0,31.1,22.1,7.85,0.337,critico,acao_recomendada
181,2026-06-04 15:00:00,Talhao_Norte,-15.49436,-47.79325,30.8,46.3,49.6,49434.0,17.6,5.1,5.95,0.65,atencao,monitorar
182,2026-06-04 15:29:00,Talhao_Leste,-15.51468,-47.7552,27.2,80.9,42.3,87284.0,15.7,14.7,7.94,0.748,atencao,monitorar
183,2026-06-04 15:58:00,Talhao_Norte,-15.49617,-47.8061,33.9,85.9,79.1,55790.0,20.5,17.5,6.13,0.325,atencao,monitorar
184,2026-06-04 16:27:00,Talhao_Sul,-15.54069,-47.7999,25.3,50.1,15.2,52314.0,21.9,17.0,5.81,0.198,atencao,monitorar
185,2026-06-04 16:56:00,Talhao_Sul,-15.55213,-47.79463,21.7,61.0,57.1,18965.0,2.5,10.2,6.32,0.255,saudavel,sem_alerta
186,2026-06-04 17:25:00,Talhao_Oeste,-15.52739,-47.85876,22.8,27.5,35.3,65826.0,23.9,0.4,7.55,0.635,critico,acao_recomendada
187,2026-06-04 17:54:00,Talhao_Central,-15.51657,-47.79846,22.8,89.3,37.1,79879.0,8.5,14.6,5.0,0.83,saudavel,sem_alerta
188,2026-06-04 18:23:00,Talhao_Norte,-15.49541,-47.80762,23.3,32.4,58.8,42336.0,25.0,6.3,5.29,0.186,critico,acao_recomendada
189,2026-06-04 18:52:00,Talhao_Norte,-15.4985,-47.80927,23.1,85.7,56.9,75927.0,28.8,11.3,8.31,0.737,atencao,monitorar
190,2026-06-04 19:21:00,Talhao_Leste,-15.52586,-47.75895,34.1,63.7,79.3,91981.0,28.1,23.9,5.2,0.423,atencao,monitorar
191,2026-06-04 19:50:00,Talhao_Sul,-15.54991,-47.79332,24.0,60.6,14.6,27320.0,19.3,10.0,6.77,0.533,atencao,monitorar
192,2026-06-04 20:19:00,Talhao_Central,-15.52376,-47.80764,27.6,53.5,12.8,54483.0,18.2,21.0,6.82,0.893,saudavel,sem_alerta
193,2026-06-04 20:48:00,Talhao_Oeste,-15.52145,-47.8591,39.7,32.3,59.3,34407.0,5.0,4.7,6.46,0.416,atencao,monitorar
194,2026-06-04 21:17:00,Talhao_Sul,-15.5471,-47.80124,30.4,28.2,48.4,77393.0,27.1,16.8,7.08,0.522,atencao,monitorar
195,2026-06-04 21:46:00,Talhao_Oeste,-15.5151,-47.84312,34.7,31.5,25.6,59095.0,9.5,24.4,5.42,0.161,atencao,monitorar
196,2026-06-04 22:15:00,Talhao_Leste,-15.52536,-47.75475,23.8,29.0,11.0,63940.0,17.4,2.5,6.71,0.215,critico,acao_recomendada
197,2026-06-04 22:44:00,Talhao_Leste,-15.52189,-47.75157,24.2,73.5,11.4,77823.0,9.9,0.2,5.99,0.357,atencao,monitorar
198,2026-06-04 23:13:00,Talhao_Norte,-15.50462,-47.8092,20.9,41.3,72.1,43657.0,4.7,10.8,7.15,0.172,atencao,monitorar
199,2026-06-04 23:42:00,Talhao_Central,-15.52603,-47.80102,23.7,19.3,19.4,87783.0,22.0,2.3,5.06,0.655,critico,acao_recomendada
200,2026-06-05 00:11:00,Talhao_Oeste,-15.51433,-47.84845,26.1,87.7,29.3,55307.0,1.9,18.7,6.78,0.491,saudavel,sem_alerta
201,2026-06-05 00:40:00,Talhao_Sul,-15.54181,-47.79858,23.9,81.3,22.0,23426.0,26.2,22.9,5.24,0.589,atencao,monitorar
202,2026-06-05 01:09:00,Talhao_Leste,-15.5226,-47.75335,22.0,84.6,31.6,69151.0,11.1,10.9,5.61,0.29,atencao,monitorar
203,2026-06-05 01:38:00,Talhao_Norte,-15.49497,-47.80369,22.7,89.6,10.2,77427.0,0.0,6.5,5.37,0.387,atencao,monitorar
204,2026-06-05 02:07:00,Talhao_Norte,-15.49206,-47.80787,30.1,28.0,43.9,36925.0,17.9,10.9,5.23,0.681,atencao,monitorar
205,2026-06-05 02:36:00,Talhao_Oeste,-15.51308,-47.85266,24.5,44.7,10.1,82860.0,1.6,18.1,7.8,0.922,atencao,monitorar
206,2026-06-05 03:05:00,Talhao_Leste,-15.52634,-47.75801,28.0,71.9,65.0,87022.0,9.7,0.2,5.64,0.19,atencao,monitorar
207,2026-06-05 03:34:00,Talhao_Central,-15.51087,-47.79467,31.1,67.2,22.5,33537.0,24.7,14.7,8.21,0.862,atencao,monitorar
208,2026-06-05 04:03:00,Talhao_Leste,-15.52247,-47.74067,35.2,26.5,45.5,93599.0,2.2,15.3,8.38,0.612,atencao,monitorar
209,2026-06-05 04:32:00,Talhao_Oeste,-15.52322,-47.8406,20.9,76.2,71.0,21960.0,29.4,15.9,6.79,0.601,saudavel,sem_alerta
210,2026-06-05 05:01:00,Talhao_Oeste,-15.52875,-47.8427,37.6,31.8,53.8,27171.0,0.1,6.1,5.07,0.55,atencao,monitorar
211,2026-06-05 05:30:00,Talhao_Leste,-15.52028,-47.74798,33.8,31.8,45.0,25659.0,8.6,17.9,6.0,0.206,atencao,monitorar
212,2026-06-05 05:59:00,Talhao_Oeste,-15.52782,-47.84598,21.8,55.3,29.3,85989.0,25.9,2.3,7.69,0.222,critico,acao_recomendada
213,2026-06-05 06:28:00,Talhao_Leste,-15.52503,-47.7543,39.2,59.5,30.0,65615.0,11.1,5.0,5.97,0.631,atencao,monitorar
214,2026-06-05 06:57:00,Talhao_Sul,-15.55366,-47.79738,40.3,58.5,55.2,22929.0,3.6,21.9,4.85,0.423,atencao,monitorar
215,2026-06-05 07:26:00,Talhao_Leste,-15.51382,-47.75089,21.3,21.9,79.6,47427.0,12.6,18.5,6.73,0.884,saudavel,sem_alerta
216,2026-06-05 07:55:00,Talhao_Leste,-15.51249,-47.75036,26.1,80.8,54.6,62300.0,9.5,0.3,7.88,0.475,atencao,monitorar
217,2026-06-05 08:24:00,Talhao_Oeste,-15.52395,-47.84484,37.7,34.9,46.8,17094.0,29.5,6.2,7.68,0.265,critico,acao_recomendada
218,2026-06-05 08:53:00,Talhao_Oeste,-15.51283,-47.85436,36.5,24.7,59.8,85005.0,11.0,5.4,5.2,0.722,atencao,monitorar
219,2026-06-05 09:22:00,Talhao_Norte,-15.49286,-47.80364,24.1,81.7,39.9,78306.0,27.6,6.8,7.19,0.385,atencao,monitorar
220,2026-06-05 09:51:00,Talhao_Norte,-15.49471,-47.79151,24.6,86.7,9.5,52943.0,31.2,6.2,5.38,0.57,critico,acao_recomendada
221,2026-06-05 10:20:00,Talhao_Sul,-15.55707,-47.80888,28.2,79.7,47.2,92206.0,15.2,1.6,5.37,0.708,atencao,monitorar
222,2026-06-05 10:49:00,Talhao_Norte,-15.49619,-47.80029,30.7,75.7,76.8,45510.0,31.8,11.5,8.0,0.87,atencao,monitorar
223,2026-06-05 11:18:00,Talhao_Leste,-15.5111,-47.74174,33.6,64.1,18.1,93649.0,13.2,18.3,5.5,0.784,atencao,monitorar
224,2026-06-05 11:47:00,Talhao_Oeste,-15.51635,-47.84779,28.1,56.3,56.8,66773.0,33.7,15.2,5.55,0.691,saudavel,sem_alerta
225,2026-06-05 12:16:00,Talhao_Norte,-15.50337,-47.79907,30.2,21.5,20.1,63947.0,3.1,16.8,4.5,0.694,atencao,monitorar
226,2026-06-05 12:45:00,Talhao_Norte,-15.49999,-47.80501,36.4,45.6,45.2,24106.0,24.0,2.0,7.98,0.907,critico,acao_recomendada
227,2026-06-05 13:14:00,Talhao_Sul,-15.54709,-47.80313,20.8,43.0,12.3,84964.0,17.3,23.8,7.67,0.387,atencao,monitorar
228,2026-06-05 13:43:00,Talhao_Sul,-15.54979,-47.79296,25.6,34.5,38.8,46337.0,13.6,21.0,7.01,0.151,atencao,monitorar
229,2026-06-05 14:12:00,Talhao_Leste,-15.5276,-47.74882,35.7,69.3,61.7,23790.0,22.1,20.1,7.5,0.368,atencao,monitorar
230,2026-06-05 14:41:00,Talhao_Oeste,-15.52376,-47.84971,39.7,52.2,31.1,11072.0,24.6,20.6,5.11,0.324,critico,acao_recomendada
231,2026-06-05 15:10:00,Talhao_Sul,-15.54395,-47.80801,31.3,21.1,54.9,57579.0,0.2,23.3,6.33,0.679,saudavel,sem_alerta
232,2026-06-05 15:39:00,Talhao_Norte,-15.49277,-47.80968,31.7,31.5,64.7,54829.0,5.8,13.6,5.9,0.657,saudavel,sem_alerta
233,2026-06-05 16:08:00,Talhao_Oeste,-15.52725,-47.84073,22.4,66.2,74.5,71145.0,25.0,5.0,4.88,0.625,atencao,monitorar
234,2026-06-05 16:37:00,Talhao_Oeste,-15.51095,-47.85246,29.8,20.7,22.6,85672.0,23.3,15.4,6.44,0.163,critico,acao_recomendada
235,2026-06-05 17:06:00,Talhao_Norte,-15.50342,-47.79794,31.7,78.8,34.9,16750.0,33.8,18.6,8.18,0.733,atencao,monitorar
236,2026-06-05 17:35:00,Talhao_Sul,-15.54675,-47.80841,25.3,52.1,16.4,72177.0,26.6,18.4,4.66,0.409,atencao,monitorar
237,2026-06-05 18:04:00,Talhao_Norte,-15.49496,-47.79634,25.9,51.0,79.4,25930.0,33.3,13.0,5.67,0.682,saudavel,sem_alerta
238,2026-06-05 18:33:00,Talhao_Oeste,-15.51376,-47.84135,28.3,59.4,74.5,82945.0,24.6,1.7,5.33,0.595,atencao,monitorar
239,2026-06-05 19:02:00,Talhao_Central,-15.51109,-47.79849,20.4,76.9,45.5,79620.0,10.4,9.3,5.45,0.424,saudavel,sem_alerta
240,2026-06-05 19:31:00,Talhao_Central,-15.52374,-47.80748,27.1,41.1,68.2,55967.0,3.7,23.0,8.13,0.258,atencao,monitorar
241,2026-06-05 20:00:00,Talhao_Leste,-15.51283,-47.74837,24.7,65.9,44.1,70371.0,27.4,14.6,6.37,0.226,atencao,monitorar
242,2026-06-05 20:29:00,Talhao_Norte,-15.50737,-47.79467,27.2,57.4,51.8,36720.0,22.5,13.5,6.37,0.815,saudavel,sem_alerta
243,2026-06-05 20:58:00,Talhao_Norte,-15.4959,-47.80187,22.6,35.0,11.7,50049.0,1.7,6.7,7.54,0.885,atencao,monitorar
244,2026-06-05 21:27:00,Talhao_Leste,-15.51516,-47.7424,39.6,80.9,61.6,79839.0,12.6,9.2,5.12,0.67,atencao,monitorar
245,2026-06-05 21:56:00,Talhao_Leste,-15.51645,-47.74703,33.1,74.8,14.6,49038.0,33.5,22.4,6.45,0.233,atencao,monitorar
246,2026-06-05 22:25:00,Talhao_Leste,-15.52495,-47.74202,34.9,64.4,67.0,40413.0,17.5,16.7,6.22,0.472,saudavel,sem_alerta
247,2026-06-05 22:54:00,Talhao_Oeste,-15.51254,-47.84753,37.4,78.8,63.7,52008.0,15.1,19.7,6.89,0.733,saudavel,sem_alerta
248,2026-06-05 23:23:00,Talhao_Norte,-15.50662,-47.80737,31.0,80.0,58.2,80401.0,16.0,11.4,8.5,0.774,atencao,monitorar
249,2026-06-05 23:52:00,Talhao_Oeste,-15.52893,-47.85381,21.9,68.1,7.7,38493.0,7.3,15.8,7.58,0.245,atencao,monitorar
250,2026-06-06 00:21:00,Talhao_Leste,-15.51565,-47.75596,31.8,77.8,27.7,24770.0,12.9,6.2,6.09,0.15,atencao,monitorar
251,2026-06-06 00:50:00,Talhao_Norte,-15.50049,-47.79182,32.9,67.3,24.7,70521.0,12.9,17.6,7.81,0.72,atencao,monitorar
252,2026-06-06 01:19:00,Talhao_Oeste,-15.51302,-47.84479,36.4,66.0,32.0,80208.0,1.8,10.7,5.18,0.435,atencao,monitorar
253,2026-06-06 01:48:00,Talhao_Oeste,-15.52233,-47.84647,29.5,61.4,11.6,18554.0,26.9,11.1,4.62,0.354,atencao,monitorar
254,2026-06-06 02:17:00,Talhao_Leste,-15.52663,-47.75398,22.8,71.5,75.3,30389.0,14.6,16.2,5.32,0.16,atencao,monitorar
255,2026-06-06 02:46:00,Talhao_Norte,-15.49327,-47.80632,26.2,26.9,46.5,22068.0,28.8,23.4,5.86,0.582,atencao,monitorar
256,2026-06-06 03:15:00,Talhao_Leste,-15.51902,-47.74487,28.0,81.1,27.9,39575.0,29.8,1.6,6.54,0.831,atencao,monitorar
257,2026-06-06 03:44:00,Talhao_Norte,-15.50622,-47.80052,34.2,80.4,34.8,48280.0,7.4,20.6,6.96,0.916,saudavel,sem_alerta
258,2026-06-06 04:13:00,Talhao_Central,-15.51559,-47.80548,32.6,17.2,38.5,73650.0,23.0,7.3,8.14,0.603,critico,acao_recomendada
259,2026-06-06 04:42:00,Talhao_Sul,-15.54978,-47.79767,27.8,76.9,50.0,65348.0,16.5,11.1,6.54,0.562,saudavel,sem_alerta
260,2026-06-06 05:11:00,Talhao_Sul,-15.54791,-47.80919,41.7,24.7,43.7,62779.0,30.8,0.5,6.51,0.218,critico,acao_recomendada
261,2026-06-06 05:40:00,Talhao_Sul,-15.55078,-47.80348,33.3,40.1,74.0,39952.0,7.6,7.5,4.7,0.589,atencao,monitorar
262,2026-06-06 06:09:00,Talhao_Leste,-15.51343,-47.75063,25.2,70.8,42.3,81523.0,23.7,12.6,4.64,0.454,atencao,monitorar
263,2026-06-06 06:38:00,Talhao_Central,-15.51341,-47.80704,22.2,27.1,79.4,50059.0,21.3,1.4,6.7,0.636,atencao,monitorar
264,2026-06-06 07:07:00,Talhao_Norte,-15.49581,-47.79031,23.4,76.3,68.9,93224.0,10.3,12.3,6.25,0.461,saudavel,sem_alerta
265,2026-06-06 07:36:00,Talhao_Oeste,-15.52789,-47.85582,25.4,77.4,20.6,63902.0,4.8,23.2,7.86,0.342,atencao,monitorar
266,2026-06-06 08:05:00,Talhao_Norte,-15.49322,-47.80739,23.5,53.1,74.8,20733.0,22.8,2.6,5.14,0.226,atencao,monitorar
267,2026-06-06 08:34:00,Talhao_Oeste,-15.51658,-47.85593,24.1,15.5,13.7,67475.0,25.9,19.1,4.6,0.402,critico,acao_recomendada
268,2026-06-06 09:03:00,Talhao_Norte,-15.49606,-47.79462,26.3,36.5,66.3,37634.0,11.0,10.2,6.3,0.227,saudavel,sem_alerta
269,2026-06-06 09:32:00,Talhao_Central,-15.52274,-47.80149,23.8,61.3,33.5,68338.0,22.6,16.4,5.45,0.292,atencao,monitorar
270,2026-06-06 10:01:00,Talhao_Oeste,-15.51241,-47.84869,39.7,88.6,70.8,15919.0,13.8,6.5,4.7,0.94,atencao,monitorar
271,2026-06-06 10:30:00,Talhao_Leste,-15.51549,-47.75958,21.8,62.4,70.1,24865.0,25.0,4.0,7.4,0.505,atencao,monitorar
272,2026-06-06 10:59:00,Talhao_Norte,-15.50775,-47.80931,31.5,34.5,65.4,82738.0,7.0,4.0,4.95,0.575,atencao,monitorar
273,2026-06-06 11:28:00,Talhao_Norte,-15.50184,-47.80108,29.0,62.6,64.3,29310.0,31.2,1.8,6.93,0.849,atencao,monitorar
274,2026-06-06 11:57:00,Talhao_Oeste,-15.51227,-47.84367,41.6,55.5,27.9,81148.0,10.1,4.6,5.62,0.946,atencao,monitorar
275,2026-06-06 12:26:00,Talhao_Leste,-15.52906,-47.7423,22.5,73.5,11.1,33738.0,12.9,16.6,5.19,0.616,atencao,monitorar
276,2026-06-06 12:55:00,Talhao_Leste,-15.51077,-47.75827,28.8,23.0,35.2,64645.0,2.0,22.0,6.02,0.8,saudavel,sem_alerta
277,2026-06-06 13:24:00,Talhao_Central,-15.51642,-47.79923,41.3,72.1,18.0,69003.0,3.9,20.4,7.71,0.412,atencao,monitorar
278,2026-06-06 13:53:00,Talhao_Leste,-15.51737,-47.74174,39.0,55.6,57.1,53576.0,18.1,17.1,6.07,0.395,atencao,monitorar
279,2026-06-06 14:22:00,Talhao_Leste,-15.52459,-47.75224,38.0,87.2,31.0,35951.0,9.4,2.8,7.5,0.472,atencao,monitorar
280,2026-06-06 14:51:00,Talhao_Leste,-15.52502,-47.74341,25.7,40.6,78.2,28075.0,29.2,7.2,5.0,0.688,atencao,monitorar
281,2026-06-06 15:20:00,Talhao_Sul,-15.54116,-47.80733,23.8,62.4,53.1,12821.0,0.5,7.7,7.59,0.696,saudavel,sem_alerta
282,2026-06-06 15:49:00,Talhao_Central,-15.52403,-47.79129,34.7,84.9,66.7,35835.0,13.3,6.2,5.45,0.402,atencao,monitorar
283,2026-06-06 16:18:00,Talhao_Norte,-15.49449,-47.79497,40.4,22.7,14.9,65519.0,11.8,12.9,7.21,0.257,critico,acao_recomendada
284,2026-06-06 16:47:00,Talhao_Oeste,-15.52214,-47.84117,32.2,85.3,69.7,89756.0,0.7,13.4,6.76,0.656,saudavel,sem_alerta
285,2026-06-06 17:16:00,Talhao_Norte,-15.50721,-47.79647,32.6,66.6,74.2,84052.0,4.4,8.9,8.22,0.253,atencao,monitorar
286,2026-06-06 17:45:00,Talhao_Central,-15.52979,-47.80273,26.2,20.1,41.5,75116.0,14.5,8.8,6.05,0.613,saudavel,sem_alerta
287,2026-06-06 18:14:00,Talhao_Oeste,-15.51911,-47.84124,36.9,37.6,50.5,77018.0,17.3,20.7,4.76,0.705,atencao,monitorar
288,2026-06-06 18:43:00,Talhao_Central,-15.51048,-47.80449,24.1,68.1,62.4,66524.0,14.2,19.7,4.58,0.71,saudavel,sem_alerta
289,2026-06-06 19:12:00,Talhao_Leste,-15.52262,-47.75336,27.1,20.1,18.1,32124.0,18.6,7.7,7.81,0.753,critico,acao_recomendada
290,2026-06-06 19:41:00,Talhao_Oeste,-15.52286,-47.84598,29.4,58.7,42.7,87112.0,20.8,22.8,6.6,0.848,saudavel,sem_alerta
291,2026-06-06 20:10:00,Talhao_Leste,-15.52312,-47.74469,31.2,40.9,34.9,67012.0,0.3,23.8,7.6,0.55,atencao,monitorar
292,2026-06-06 20:39:00,Talhao_Norte,-15.49959,-47.79141,25.3,61.6,16.0,57637.0,16.2,8.2,5.44,0.734,atencao,monitorar
293,2026-06-06 21:08:00,Talhao_Norte,-15.50119,-47.8059,22.5,18.4,32.6,19434.0,33.7,8.9,5.88,0.645,atencao,monitorar
294,2026-06-06 21:37:00,Talhao_Oeste,-15.5124,-47.84404,33.4,80.4,10.1,48000.0,18.2,12.6,4.62,0.299,critico,acao_recomendada
295,2026-06-06 22:06:00,Talhao_Oeste,-15.51989,-47.84523,26.3,88.0,6.9,49130.0,23.7,23.5,8.35,0.171,atencao,monitorar
296,2026-06-06 22:35:00,Talhao_Central,-15.51984,-47.80872,32.8,87.7,15.1,83488.0,10.9,21.9,7.17,0.378,atencao,monitorar
297,2026-06-06 23:04:00,Talhao_Central,-15.52723,-47.80226,23.4,71.2,77.2,56465.0,27.1,2.6,8.23,0.504,atencao,monitorar
298,2026-06-06 23:33:00,Talhao_Leste,-15.51035,-47.75434,30.6,24.8,46.2,42334.0,27.1,9.8,5.56,0.644,atencao,monitorar
299,2026-06-07 00:02:00,Talhao_Oeste,-15.525,-47.85391,31.7,71.9,77.4,93028.0,18.2,13.8,6.95,0.83,saudavel,sem_alerta
300,2026-06-07 00:31:00,Talhao_Norte,-15.50853,-47.79034,21.1,16.8,37.4,19411.0,34.2,12.6,7.21,0.307,critico,acao_recomendada
301,2026-06-07 01:00:00,Talhao_Central,-15.51674,-47.79714,27.4,16.7,28.4,45917.0,4.4,4.8,5.77,0.25,atencao,monitorar
302,2026-06-07 01:29:00,Talhao_Central,-15.51809,-47.79565,23.0,39.3,43.0,13572.0,0.6,21.5,7.89,0.921,atencao,monitorar
303,2026-06-07 01:58:00,Talhao_Norte,-15.5017,-47.79047,21.4,51.6,38.0,72892.0,27.0,16.9,8.29,0.236,atencao,monitorar
304,2026-06-07 02:27:00,Talhao_Central,-15.52156,-47.80246,41.8,72.8,12.9,88037.0,28.3,20.9,8.04,0.533,critico,acao_recomendada
305,2026-06-07 02:56:00,Talhao_Leste,-15.5143,-47.74396,27.1,66.2,53.1,33803.0,4.2,21.5,7.46,0.618,saudavel,sem_alerta
306,2026-06-07 03:25:00,Talhao_Oeste,-15.52609,-47.85131,37.8,48.4,21.2,82959.0,9.3,18.7,5.61,0.583,atencao,monitorar
307,2026-06-07 03:54:00,Talhao_Norte,-15.49359,-47.79261,25.6,35.5,51.5,34839.0,0.6,11.0,5.63,0.219,atencao,monitorar
308,2026-06-07 04:23:00,Talhao_Oeste,-15.51703,-47.85639,35.0,89.8,53.8,87415.0,10.3,15.3,8.35,0.196,atencao,monitorar
309,2026-06-07 04:52:00,Talhao_Central,-15.52162,-47.79105,36.7,47.0,16.4,74087.0,27.1,4.0,4.54,0.234,critico,acao_recomendada
310,2026-06-07 05:21:00,Talhao_Central,-15.52084,-47.80562,33.1,48.9,9.6,78417.0,18.1,16.8,7.36,0.618,atencao,monitorar
311,2026-06-07 05:50:00,Talhao_Norte,-15.50487,-47.80348,30.4,27.3,63.6,11531.0,12.2,4.5,7.32,0.585,atencao,monitorar
312,2026-06-07 06:19:00,Talhao_Leste,-15.51496,-47.74488,29.1,74.6,39.5,91839.0,13.0,17.3,6.99,0.337,atencao,monitorar
313,2026-06-07 06:48:00,Talhao_Sul,-15.54974,-47.80212,27.7,67.0,9.4,71767.0,0.0,5.7,8.46,0.66,atencao,monitorar
314,2026-06-07 07:17:00,Talhao_Norte,-15.50358,-47.79784,40.4,31.6,79.6,35904.0,10.5,2.9,5.75,0.806,atencao,monitorar
315,2026-06-07 07:46:00,Talhao_Sul,-15.54808,-47.80111,38.3,21.2,9.3,80499.0,22.6,4.1,5.86,0.183,critico,acao_recomendada
316,2026-06-07 08:15:00,Talhao_Sul,-15.54009,-47.79515,41.2,66.0,57.1,33929.0,34.1,0.0,4.82,0.549,critico,acao_recomendada
317,2026-06-07 08:44:00,Talhao_Leste,-15.52129,-47.75543,22.7,64.1,78.8,84184.0,29.6,18.0,6.27,0.701,saudavel,sem_alerta
318,2026-06-07 09:13:00,Talhao_Sul,-15.54159,-47.80883,36.1,35.5,22.9,19569.0,0.8,18.3,5.54,0.352,atencao,monitorar
319,2026-06-07 09:42:00,Talhao_Sul,-15.5531,-47.804,40.6,86.3,15.7,69813.0,31.4,12.9,5.87,0.396,critico,acao_recomendada
320,2026-06-07 10:11:00,Talhao_Leste,-15.52891,-47.75051,24.0,26.3,14.1,55959.0,27.4,4.0,7.84,0.641,critico,acao_recomendada
321,2026-06-07 10:40:00,Talhao_Sul,-15.55592,-47.80664,21.5,47.4,27.7,18205.0,27.3,2.1,8.24,0.868,atencao,monitorar
322,2026-06-07 11:09:00,Talhao_Sul,-15.55163,-47.8029,36.3,85.8,12.6,30561.0,16.0,0.5,5.24,0.798,critico,acao_recomendada
323,2026-06-07 11:38:00,Talhao_Sul,-15.55561,-47.802,32.6,46.5,56.9,11054.0,13.9,4.1,5.99,0.617,atencao,monitorar
324,2026-06-07 12:07:00,Talhao_Norte,-15.51,-47.80885,38.5,62.9,9.7,49845.0,10.6,22.3,8.21,0.734,atencao,monitorar
325,2026-06-07 12:36:00,Talhao_Norte,-15.4917,-47.79833,23.1,44.8,43.2,35608.0,2.3,6.0,4.75,0.442,atencao,monitorar
326,2026-06-07 13:05:00,Talhao_Norte,-15.49312,-47.79231,37.5,35.6,79.8,60860.0,8.0,8.9,4.87,0.663,atencao,monitorar
327,2026-06-07 13:34:00,Talhao_Leste,-15.51515,-47.75697,24.4,88.8,66.0,35265.0,8.6,2.6,5.15,0.523,atencao,monitorar
328,2026-06-07 14:03:00,Talhao_Central,-15.52664,-47.79804,23.6,45.7,51.1,35493.0,16.9,5.6,6.88,0.302,atencao,monitorar
329,2026-06-07 14:32:00,Talhao_Sul,-15.55759,-47.79671,23.6,82.1,28.0,73171.0,26.2,13.0,5.1,0.711,atencao,monitorar
330,2026-06-07 15:01:00,Talhao_Sul,-15.55865,-47.80161,37.9,32.2,51.8,14092.0,16.6,15.2,8.37,0.595,atencao,monitorar
331,2026-06-07 15:30:00,Talhao_Leste,-15.51552,-47.74598,34.6,31.0,44.5,86746.0,2.0,6.1,6.29,0.437,atencao,monitorar
332,2026-06-07 15:59:00,Talhao_Sul,-15.54142,-47.80179,31.5,17.3,37.0,82442.0,33.5,1.4,6.51,0.879,critico,acao_recomendada
333,2026-06-07 16:28:00,Talhao_Norte,-15.50139,-47.79991,27.9,63.9,14.8,66763.0,33.0,9.8,5.49,0.167,critico,acao_recomendada
334,2026-06-07 16:57:00,Talhao_Central,-15.52762,-47.80985,39.3,42.6,71.5,60424.0,27.5,5.9,6.38,0.403,atencao,monitorar
335,2026-06-07 17:26:00,Talhao_Oeste,-15.51975,-47.84617,28.6,79.8,38.7,85846.0,34.7,5.5,7.15,0.196,atencao,monitorar
336,2026-06-07 17:55:00,Talhao_Sul,-15.55302,-47.79677,38.0,50.5,19.6,25753.0,19.1,24.0,7.5,0.763,atencao,monitorar
337,2026-06-07 18:24:00,Talhao_Norte,-15.5025,-47.80923,29.7,87.6,32.6,16712.0,33.7,15.4,7.52,0.712,atencao,monitorar
338,2026-06-07 18:53:00,Talhao_Oeste,-15.51757,-47.85263,28.3,28.9,36.1,30358.0,2.6,13.9,6.81,0.415,atencao,monitorar
339,2026-06-07 19:22:00,Talhao_Central,-15.51563,-47.79042,30.2,80.1,67.1,77539.0,12.8,10.4,8.12,0.691,saudavel,sem_alerta
340,2026-06-07 19:51:00,Talhao_Oeste,-15.52779,-47.85159,26.6,73.2,60.0,12947.0,7.9,10.7,7.77,0.467,saudavel,sem_alerta
341,2026-06-07 20:20:00,Talhao_Norte,-15.50929,-47.79996,36.4,72.8,62.7,59539.0,6.9,13.5,7.53,0.755,atencao,monitorar
342,2026-06-07 20:49:00,Talhao_Oeste,-15.51011,-47.8418,31.1,78.4,5.8,94612.0,4.9,17.4,4.72,0.513,atencao,monitorar
343,2026-06-07 21:18:00,Talhao_Leste,-15.52535,-47.74565,25.1,72.1,36.2,82734.0,21.8,17.6,4.53,0.48,atencao,monitorar
344,2026-06-07 21:47:00,Talhao_Oeste,-15.52892,-47.84836,39.8,62.0,41.1,54323.0,27.3,4.3,5.35,0.898,critico,acao_recomendada
345,2026-06-07 22:16:00,Talhao_Sul,-15.5562,-47.79404,28.4,24.8,6.4,15409.0,20.2,12.5,7.15,0.351,atencao,monitorar
346,2026-06-07 22:45:00,Talhao_Sul,-15.55922,-47.79271,32.0,17.4,24.5,80667.0,5.1,10.3,6.14,0.246,atencao,monitorar
347,2026-06-07 23:14:00,Talhao_Leste,-15.52216,-47.75086,39.9,84.1,62.0,60913.0,28.4,21.8,6.11,0.618,atencao,monitorar
348,2026-06-07 23:43:00,Talhao_Norte,-15.49395,-47.8005,33.7,61.2,15.3,19769.0,22.3,15.8,8.04,0.925,atencao,monitorar
349,2026-06-08 00:12:00,Talhao_Sul,-15.55318,-47.80228,22.6,74.7,45.1,17978.0,13.6,13.3,8.08,0.452,saudavel,sem_alerta
350,2026-06-08 00:41:00,Talhao_Central,-15.52112,-47.79067,40.7,51.1,21.1,87318.0,23.6,2.9,8.14,0.2,critico,acao_recomendada
351,2026-06-08 01:10:00,Talhao_Sul,-15.54649,-47.79606,33.8,23.8,5.9,66882.0,9.1,15.1,5.76,0.421,atencao,monitorar
352,2026-06-08 01:39:00,Talhao_Sul,-15.54982,-47.80834,27.4,24.4,23.1,80489.0,12.1,2.9,7.26,0.555,atencao,monitorar
353,2026-06-08 02:08:00,Talhao_Norte,-15.49277,-47.79274,23.1,66.4,78.2,84713.0,32.1,8.4,5.59,0.28,atencao,monitorar
354,2026-06-08 02:37:00,Talhao_Oeste,-15.51268,-47.85039,37.5,47.3,65.1,58601.0,10.2,3.6,5.26,0.676,atencao,monitorar
355,2026-06-08 03:06:00,Talhao_Sul,-15.5598,-47.80862,33.6,30.0,77.0,53983.0,16.4,17.3,5.24,0.948,atencao,monitorar
356,2026-06-08 03:35:00,Talhao_Leste,-15.51444,-47.74901,31.7,51.9,41.6,46586.0,31.2,5.2,5.87,0.511,atencao,monitorar
357,2026-06-08 04:04:00,Talhao_Oeste,-15.52079,-47.85166,39.7,19.8,13.2,36940.0,24.8,9.8,6.22,0.434,critico,acao_recomendada
358,2026-06-08 04:33:00,Talhao_Central,-15.51022,-47.79245,37.3,58.6,46.1,46941.0,2.2,22.4,7.82,0.471,atencao,monitorar
359,2026-06-08 05:02:00,Talhao_Norte,-15.50034,-47.80592,23.3,35.2,39.1,75780.0,5.2,5.1,4.98,0.242,atencao,monitorar
360,2026-06-08 05:31:00,Talhao_Central,-15.51026,-47.79347,26.9,74.8,68.3,61163.0,0.3,12.7,7.44,0.857,saudavel,sem_alerta
361,2026-06-08 06:00:00,Talhao_Oeste,-15.51491,-47.84885,25.5,38.3,12.4,85864.0,22.1,10.5,6.63,0.482,atencao,monitorar
362,2026-06-08 06:29:00,Talhao_Oeste,-15.52503,-47.85891,36.4,49.1,41.6,47687.0,15.7,0.5,5.65,0.46,critico,acao_recomendada
363,2026-06-08 06:58:00,Talhao_Oeste,-15.51923,-47.84056,20.7,15.9,16.3,61603.0,4.7,19.8,6.47,0.678,atencao,monitorar
364,2026-06-08 07:27:00,Talhao_Central,-15.51016,-47.79975,32.5,20.4,29.4,63661.0,33.5,1.7,5.7,0.504,critico,acao_recomendada
365,2026-06-08 07:56:00,Talhao_Oeste,-15.51285,-47.85418,36.8,44.4,60.3,60294.0,18.5,11.9,6.88,0.669,atencao,monitorar
366,2026-06-08 08:25:00,Talhao_Central,-15.52805,-47.80061,39.3,51.0,40.7,69724.0,8.5,14.0,6.24,0.199,atencao,monitorar
367,2026-06-08 08:54:00,Talhao_Oeste,-15.51587,-47.84284,27.5,60.0,33.2,30182.0,17.5,15.7,5.16,0.801,atencao,monitorar
368,2026-06-08 09:23:00,Talhao_Leste,-15.52309,-47.7539,38.1,36.9,34.6,53551.0,23.8,17.2,4.97,0.902,atencao,monitorar
369,2026-06-08 09:52:00,Talhao_Oeste,-15.52986,-47.85615,22.4,67.1,39.5,18859.0,2.7,6.3,6.69,0.669,saudavel,sem_alerta
370,2026-06-08 10:21:00,Talhao_Central,-15.52193,-47.80742,38.6,79.5,63.9,42683.0,9.6,0.2,8.11,0.914,atencao,monitorar
371,2026-06-08 10:50:00,Talhao_Sul,-15.5553,-47.80404,22.8,73.5,71.9,51452.0,28.2,18.1,5.88,0.271,atencao,monitorar
372,2026-06-08 11:19:00,Talhao_Oeste,-15.51362,-47.8444,28.7,18.0,76.7,65439.0,16.1,13.4,7.43,0.532,atencao,monitorar
373,2026-06-08 11:48:00,Talhao_Sul,-15.55325,-47.80057,37.5,51.0,64.0,90795.0,19.1,20.9,7.13,0.631,atencao,monitorar
374,2026-06-08 12:17:00,Talhao_Leste,-15.51345,-47.75545,23.3,22.9,28.7,61055.0,15.1,20.5,8.23,0.615,atencao,monitorar
375,2026-06-08 12:46:00,Talhao_Norte,-15.50999,-47.80668,25.0,33.2,56.6,73205.0,1.5,21.1,7.78,0.471,atencao,monitorar
376,2026-06-08 13:15:00,Talhao_Leste,-15.52384,-47.75335,35.9,89.0,37.8,53033.0,5.8,12.1,6.77,0.42,atencao,monitorar
377,2026-06-08 13:44:00,Talhao_Oeste,-15.52518,-47.8412,35.8,25.7,24.1,63899.0,15.6,8.3,7.13,0.251,critico,acao_recomendada
378,2026-06-08 14:13:00,Talhao_Sul,-15.55533,-47.80314,34.1,52.4,68.1,16029.0,7.3,19.8,8.09,0.463,atencao,monitorar
379,2026-06-08 14:42:00,Talhao_Sul,-15.55864,-47.79024,35.3,61.4,7.9,31623.0,1.7,11.3,6.1,0.28,atencao,monitorar
380,2026-06-08 15:11:00,Talhao_Central,-15.52626,-47.8003,31.9,67.7,72.6,40758.0,29.5,4.6,5.81,0.737,atencao,monitorar
381,2026-06-08 15:40:00,Talhao_Sul,-15.54889,-47.80642,25.5,57.0,39.6,50162.0,34.3,21.4,4.54,0.317,atencao,monitorar
382,2026-06-08 16:09:00,Talhao_Central,-15.52417,-47.79218,27.6,15.7,52.8,13880.0,27.8,22.1,7.81,0.197,critico,acao_recomendada
383,2026-06-08 16:38:00,Talhao_Norte,-15.50165,-47.80079,24.0,39.5,54.5,21902.0,29.9,11.7,7.7,0.592,atencao,monitorar
384,2026-06-08 17:07:00,Talhao_Oeste,-15.52246,-47.84581,40.0,53.8,72.1,33529.0,8.5,1.9,4.92,0.626,atencao,monitorar
385,2026-06-08 17:36:00,Talhao_Central,-15.51248,-47.79033,32.8,21.6,52.8,92580.0,33.6,9.7,6.81,0.848,atencao,monitorar
386,2026-06-08 18:05:00,Talhao_Norte,-15.49189,-47.809,28.8,41.3,51.0,38164.0,6.9,20.1,6.36,0.612,saudavel,sem_alerta
387,2026-06-08 18:34:00,Talhao_Sul,-15.55014,-47.80807,30.2,17.5,10.0,50973.0,33.3,22.5,4.97,0.426,critico,acao_recomendada
388,2026-06-08 19:03:00,Talhao_Sul,-15.5534,-47.79559,40.8,20.9,43.9,26668.0,34.8,5.1,8.42,0.792,critico,acao_recomendada
389,2026-06-08 19:32:00,Talhao_Norte,-15.50786,-47.80436,23.4,44.8,16.3,61916.0,24.9,1.7,5.36,0.582,critico,acao_recomendada
390,2026-06-08 20:01:00,Talhao_Sul,-15.54093,-47.80631,32.9,25.0,60.3,33858.0,34.3,21.9,4.77,0.213,critico,acao_recomendada
391,2026-06-08 20:30:00,Talhao_Norte,-15.5088,-47.80921,31.1,57.6,43.4,27594.0,19.9,9.7,6.88,0.603,saudavel,sem_alerta
392,2026-06-08 20:59:00,Talhao_Central,-15.52405,-47.80956,33.5,66.7,56.0,53909.0,9.1,13.5,7.46,0.876,saudavel,sem_alerta
393,2026-06-08 21:28:00,Talhao_Central,-15.52404,-47.79451,20.4,75.0,8.1,10468.0,15.3,24.2,4.63,0.467,atencao,monitorar
394,2026-06-08 21:57:00,Talhao_Norte,-15.50359,-47.80731,39.2,30.0,11.4,10651.0,20.8,1.7,7.13,0.387,critico,acao_recomendada
395,2026-06-08 22:26:00,Talhao_Central,-15.52671,-47.80065,40.5,27.6,58.7,28621.0,2.6,16.2,6.63,0.265,atencao,monitorar
396,2026-06-08 22:55:00,Talhao_Central,-15.51434,-47.79788,32.4,22.8,10.4,13121.0,21.8,1.9,4.91,0.271,critico,acao_recomendada
397,2026-06-08 23:24:00,Talhao_Central,-15.52755,-47.80143,35.3,62.7,10.3,19182.0,34.3,9.4,5.19,0.496,critico,acao_recomendada
398,2026-06-08 23:53:00,Talhao_Leste,-15.5173,-47.75946,40.3,68.0,5.9,38803.0,6.7,20.1,6.77,0.627,atencao,monitorar
399,2026-06-09 00:22:00,Talhao_Oeste,-15.52752,-47.84433,35.6,17.4,76.7,78220.0,27.7,10.8,5.69,0.214,critico,acao_recomendada
400,2026-06-09 00:51:00,Talhao_Sul,-15.55859,-47.80979,23.4,85.2,60.3,58624.0,31.8,24.9,8.25,0.902,atencao,monitorar
401,2026-06-09 01:20:00,Talhao_Leste,-15.51181,-47.74476,32.7,18.9,31.5,53577.0,33.0,14.0,7.77,0.754,critico,acao_recomendada
402,2026-06-09 01:49:00,Talhao_Central,-15.5262,-47.79213,33.3,55.6,27.2,34947.0,33.6,8.0,8.43,0.619,atencao,monitorar
403,2026-06-09 02:18:00,Talhao_Norte,-15.49357,-47.80134,29.3,68.2,31.2,89199.0,18.3,5.5,5.54,0.813,atencao,monitorar
404,2026-06-09 02:47:00,Talhao_Central,-15.51911,-47.79929,36.2,80.3,63.1,43746.0,34.2,8.8,8.38,0.214,critico,acao_recomendada
405,2026-06-09 03:16:00,Talhao_Oeste,-15.52844,-47.85046,40.6,68.6,54.6,17403.0,26.5,9.3,6.22,0.531,atencao,monitorar
406,2026-06-09 03:45:00,Talhao_Central,-15.51089,-47.80222,40.4,75.1,18.9,62451.0,5.7,1.7,5.89,0.654,atencao,monitorar
407,2026-06-09 04:14:00,Talhao_Norte,-15.50506,-47.79225,29.9,40.5,18.1,19676.0,16.7,9.2,4.7,0.813,atencao,monitorar
408,2026-06-09 04:43:00,Talhao_Oeste,-15.51281,-47.84212,22.5,76.1,12.4,39344.0,25.1,11.6,4.71,0.777,atencao,monitorar
409,2026-06-09 05:12:00,Talhao_Central,-15.52662,-47.80328,41.7,21.0,54.5,53130.0,8.7,18.1,7.27,0.372,atencao,monitorar
410,2026-06-09 05:41:00,Talhao_Oeste,-15.51292,-47.8477,38.5,82.1,62.3,84309.0,22.4,16.4,6.33,0.903,saudavel,sem_alerta
411,2026-06-09 06:10:00,Talhao_Sul,-15.55974,-47.79146,22.7,56.1,24.9,51951.0,23.3,17.7,5.41,0.249,atencao,monitorar
412,2026-06-09 06:39:00,Talhao_Sul,-15.54976,-47.79076,40.3,76.3,6.6,69692.0,5.7,0.2,6.96,0.85,atencao,monitorar
413,2026-06-09 07:08:00,Talhao_Central,-15.51461,-47.79982,39.1,48.9,11.2,94389.0,19.8,5.4,5.51,0.927,critico,acao_recomendada
414,2026-06-09 07:37:00,Talhao_Oeste,-15.5113,-47.85094,31.4,63.3,77.6,21177.0,27.0,16.5,6.81,0.292,atencao,monitorar
415,2026-06-09 08:06:00,Talhao_Norte,-15.49182,-47.80443,33.0,54.5,27.2,33352.0,17.5,12.1,5.94,0.728,atencao,monitorar
416,2026-06-09 08:35:00,Talhao_Central,-15.51361,-47.79082,28.8,69.9,62.7,43539.0,0.4,0.1,7.79,0.182,atencao,monitorar
417,2026-06-09 09:04:00,Talhao_Sul,-15.54224,-47.80714,21.2,21.1,51.8,45855.0,0.3,20.1,7.78,0.474,atencao,monitorar
418,2026-06-09 09:33:00,Talhao_Sul,-15.55602,-47.7984,27.4,19.5,33.6,44937.0,12.5,19.3,6.41,0.563,atencao,monitorar
419,2026-06-09 10:02:00,Talhao_Central,-15.52432,-47.80435,37.7,33.5,20.4,87147.0,32.4,13.7,5.9,0.615,critico,acao_recomendada
420,2026-06-09 10:31:00,Talhao_Oeste,-15.52422,-47.85442,20.1,27.0,14.1,70693.0,8.0,1.7,5.95,0.899,atencao,monitorar
421,2026-06-09 11:00:00,Talhao_Sul,-15.55246,-47.8019,27.3,80.4,51.1,61672.0,22.2,19.2,7.72,0.688,saudavel,sem_alerta
422,2026-06-09 11:29:00,Talhao_Oeste,-15.52213,-47.84002,28.8,31.4,63.1,36297.0,7.8,14.6,5.81,0.535,saudavel,sem_alerta
423,2026-06-09 11:58:00,Talhao_Sul,-15.54911,-47.8089,31.8,88.2,53.3,80022.0,11.3,19.5,5.34,0.798,saudavel,sem_alerta
424,2026-06-09 12:27:00,Talhao_Sul,-15.5568,-47.79843,40.2,40.3,44.8,91180.0,29.7,18.8,4.84,0.91,critico,acao_recomendada
425,2026-06-09 12:56:00,Talhao_Leste,-15.51618,-47.75835,27.6,28.7,8.1,79802.0,25.5,20.1,6.37,0.168,critico,acao_recomendada
426,2026-06-09 13:25:00,Talhao_Sul,-15.55665,-47.80691,27.6,74.2,77.6,10133.0,3.3,13.0,6.43,0.936,saudavel,sem_alerta
427,2026-06-09 13:54:00,Talhao_Norte,-15.50379,-47.80121,36.2,64.4,64.9,64094.0,15.0,3.5,7.86,0.219,critico,acao_recomendada
428,2026-06-09 14:23:00,Talhao_Central,-15.51993,-47.79979,29.9,52.4,27.0,14347.0,1.0,16.8,5.38,0.802,atencao,monitorar
429,2026-06-09 14:52:00,Talhao_Central,-15.51407,-47.80482,24.9,56.7,78.5,31897.0,16.8,15.5,6.02,0.374,saudavel,sem_alerta
430,2026-06-09 15:21:00,Talhao_Oeste,-15.51521,-47.85367,30.0,68.9,50.1,15060.0,23.2,18.6,7.73,0.256,atencao,monitorar
431,2026-06-09 15:50:00,Talhao_Sul,-15.54709,-47.80826,23.1,32.1,48.7,61323.0,4.1,4.2,7.79,0.502,atencao,monitorar
432,2026-06-09 16:19:00,Talhao_Norte,-15.50688,-47.80394,23.9,89.7,61.1,68360.0,10.1,4.9,6.04,0.665,saudavel,sem_alerta
433,2026-06-09 16:48:00,Talhao_Oeste,-15.51906,-47.84067,31.0,88.1,65.9,19731.0,13.9,22.3,6.34,0.455,saudavel,sem_alerta
434,2026-06-09 17:17:00,Talhao_Leste,-15.52825,-47.74111,29.2,63.8,54.2,42626.0,32.2,18.7,5.71,0.194,atencao,monitorar
435,2026-06-09 17:46:00,Talhao_Oeste,-15.52245,-47.8533,40.1,30.0,14.6,48780.0,34.8,22.7,8.23,0.63,critico,acao_recomendada
436,2026-06-09 18:15:00,Talhao_Oeste,-15.52173,-47.84858,28.0,66.0,30.4,41370.0,1.6,19.0,4.97,0.872,saudavel,sem_alerta
437,2026-06-09 18:44:00,Talhao_Sul,-15.5592,-47.79181,32.8,20.4,74.6,20287.0,26.6,14.9,8.23,0.457,critico,acao_recomendada
438,2026-06-09 19:13:00,Talhao_Leste,-15.52452,-47.75988,33.9,17.3,21.8,45611.0,13.0,16.4,7.24,0.323,critico,acao_recomendada
439,2026-06-09 19:42:00,Talhao_Oeste,-15.51089,-47.84379,20.3,34.3,32.9,73850.0,13.7,22.2,6.63,0.504,saudavel,sem_alerta
440,2026-06-09 20:11:00,Talhao_Norte,-15.49093,-47.79103,34.6,49.7,37.4,16036.0,26.4,14.5,4.63,0.189,critico,acao_recomendada
441,2026-06-09 20:40:00,Talhao_Norte,-15.50295,-47.80817,23.9,80.1,38.0,16815.0,32.1,15.8,6.4,0.806,saudavel,sem_alerta
442,2026-06-09 21:09:00,Talhao_Central,-15.52914,-47.80677,41.1,69.5,51.0,40156.0,33.3,3.9,6.13,0.811,atencao,monitorar
443,2026-06-09 21:38:00,Talhao_Leste,-15.52642,-47.74079,23.3,70.7,75.7,90047.0,20.2,11.8,5.14,0.62,saudavel,sem_alerta
444,2026-06-09 22:07:00,Talhao_Leste,-15.52216,-47.74925,29.1,46.9,23.1,66829.0,12.5,17.9,7.13,0.432,atencao,monitorar
445,2026-06-09 22:36:00,Talhao_Central,-15.51104,-47.80972,21.9,40.9,14.1,67687.0,27.6,6.8,8.38,0.79,critico,acao_recomendada
446,2026-06-09 23:05:00,Talhao_Oeste,-15.52718,-47.85485,41.9,42.8,19.8,40763.0,8.8,5.1,6.75,0.594,atencao,monitorar
447,2026-06-09 23:34:00,Talhao_Leste,-15.51473,-47.751,31.0,89.1,71.5,60461.0,19.7,7.8,7.36,0.811,atencao,monitorar
448,2026-06-10 00:03:00,Talhao_Norte,-15.50783,-47.79614,33.1,18.0,53.4,10861.0,12.6,6.0,4.77,0.655,atencao,monitorar
449,2026-06-10 00:32:00,Talhao_Norte,-15.49037,-47.79534,21.5,80.0,26.4,64068.0,23.0,5.4,6.17,0.778,saudavel,sem_alerta
450,2026-06-10 01:01:00,Talhao_Sul,-15.55237,-47.79009,36.5,58.4,66.2,87629.0,8.4,10.6,4.97,0.629,atencao,monitorar
451,2026-06-10 01:30:00,Talhao_Leste,-15.5145,-47.75425,24.6,47.9,69.6,62069.0,6.7,22.7,6.95,0.481,saudavel,sem_alerta
452,2026-06-10 01:59:00,Talhao_Oeste,-15.52315,-47.84924,39.8,69.4,68.5,84264.0,32.1,12.7,8.25,0.916,atencao,monitorar
453,2026-06-10 02:28:00,Talhao_Central,-15.51745,-47.79933,24.5,51.5,73.9,71538.0,3.6,4.7,7.15,0.583,saudavel,sem_alerta
454,2026-06-10 02:57:00,Talhao_Central,-15.52616,-47.80189,24.2,80.5,23.9,20247.0,17.7,1.9,4.81,0.634,atencao,monitorar
455,2026-06-10 03:26:00,Talhao_Oeste,-15.52708,-47.85662,20.8,82.6,61.6,86709.0,7.7,17.4,5.92,0.326,saudavel,sem_alerta
456,2026-06-10 03:55:00,Talhao_Sul,-15.54124,-47.79045,30.4,46.6,39.5,15648.0,1.4,9.6,6.7,0.651,saudavel,sem_alerta
457,2026-06-10 04:24:00,Talhao_Central,-15.51165,-47.79293,32.4,35.8,68.1,55387.0,1.3,20.5,6.11,0.607,saudavel,sem_alerta
458,2026-06-10 04:53:00,Talhao_Leste,-15.51225,-47.75003,21.4,59.4,59.6,22082.0,6.1,16.5,7.83,0.298,atencao,monitorar
459,2026-06-10 05:22:00,Talhao_Sul,-15.54749,-47.79794,37.1,83.4,63.2,10995.0,30.3,19.9,7.76,0.198,critico,acao_recomendada
460,2026-06-10 05:51:00,Talhao_Leste,-15.51383,-47.75545,30.0,30.8,54.2,45873.0,9.9,6.8,6.95,0.633,saudavel,sem_alerta
461,2026-06-10 06:20:00,Talhao_Norte,-15.50862,-47.79912,31.5,61.7,18.3,35078.0,33.3,17.3,5.99,0.761,atencao,monitorar
462,2026-06-10 06:49:00,Talhao_Sul,-15.5533,-47.7961,29.7,62.4,45.9,51310.0,20.4,6.6,5.52,0.569,atencao,monitorar
463,2026-06-10 07:18:00,Talhao_Central,-15.52373,-47.7997,28.8,70.0,78.9,59062.0,15.3,23.5,4.92,0.331,atencao,monitorar
464,2026-06-10 07:47:00,Talhao_Sul,-15.54729,-47.79019,32.3,24.9,75.3,13718.0,20.3,15.9,5.92,0.683,atencao,monitorar
465,2026-06-10 08:16:00,Talhao_Sul,-15.55288,-47.79777,23.4,68.7,8.2,20455.0,18.1,8.1,6.15,0.214,atencao,monitorar
466,2026-06-10 08:45:00,Talhao_Sul,-15.55703,-47.80258,24.0,83.2,17.4,57485.0,26.6,6.7,7.2,0.503,atencao,monitorar
467,2026-06-10 09:14:00,Talhao_Sul,-15.54807,-47.79456,39.0,28.5,14.9,39169.0,9.9,4.8,7.13,0.281,critico,acao_recomendada
468,2026-06-10 09:43:00,Talhao_Leste,-15.51371,-47.75659,40.8,32.8,59.4,71980.0,12.4,17.4,4.78,0.298,atencao,monitorar
469,2026-06-10 10:12:00,Talhao_Norte,-15.50236,-47.80231,28.2,87.9,66.3,65445.0,31.3,5.5,6.08,0.312,atencao,monitorar
470,2026-06-10 10:41:00,Talhao_Oeste,-15.52735,-47.85306,26.0,28.6,21.0,81876.0,33.1,14.9,5.23,0.459,critico,acao_recomendada
471,2026-06-10 11:10:00,Talhao_Sul,-15.55607,-47.80136,34.2,79.1,42.9,68862.0,31.2,6.6,5.13,0.191,critico,acao_recomendada
472,2026-06-10 11:39:00,Talhao_Central,-15.52525,-47.79436,29.0,51.9,68.1,46544.0,14.7,16.5,7.81,0.468,atencao,monitorar
473,2026-06-10 12:08:00,Talhao_Sul,-15.554,-47.80032,20.6,33.5,60.0,67202.0,27.3,20.4,4.67,0.559,atencao,monitorar
474,2026-06-10 12:37:00,Talhao_Central,-15.51714,-47.79412,23.4,80.3,45.7,33407.0,16.7,19.5,6.18,0.537,saudavel,sem_alerta
475,2026-06-10 13:06:00,Talhao_Leste,-15.51798,-47.74847,35.8,48.4,49.3,36037.0,17.4,19.0,5.17,0.456,atencao,monitorar
476,2026-06-10 13:35:00,Talhao_Central,-15.51608,-47.80316,34.5,53.6,43.1,77064.0,7.2,4.7,8.02,0.821,atencao,monitorar
477,2026-06-10 14:04:00,Talhao_Oeste,-15.52275,-47.8438,20.6,41.9,27.3,47946.0,20.7,2.2,6.73,0.266,atencao,monitorar
478,2026-06-10 14:33:00,Talhao_Norte,-15.49352,-47.80523,24.9,59.5,47.4,77862.0,6.5,17.5,5.43,0.555,saudavel,sem_alerta
479,2026-06-10 15:02:00,Talhao_Central,-15.52592,-47.80551,25.1,27.3,56.7,79906.0,11.6,9.2,6.51,0.2,atencao,monitorar
480,2026-06-10 15:31:00,Talhao_Central,-15.52062,-47.79991,34.8,44.3,70.5,82893.0,29.9,10.8,7.43,0.207,atencao,monitorar
481,2026-06-10 16:00:00,Talhao_Norte,-15.49398,-47.80478,20.4,87.7,52.7,87914.0,7.2,0.8,8.33,0.609,atencao,monitorar
482,2026-06-10 16:29:00,Talhao_Oeste,-15.5264,-47.85982,22.3,34.4,62.1,46634.0,2.5,6.5,5.38,0.603,atencao,monitorar
483,2026-06-10 16:58:00,Talhao_Sul,-15.5578,-47.79703,37.6,64.3,17.0,37104.0,2.4,0.8,8.04,0.852,critico,acao_recomendada
484,2026-06-10 17:27:00,Talhao_Central,-15.51233,-47.79978,23.9,39.4,39.6,59487.0,32.9,22.0,8.24,0.596,atencao,monitorar
485,2026-06-10 17:56:00,Talhao_Norte,-15.50314,-47.80109,34.4,73.0,5.7,41550.0,17.7,6.1,8.17,0.918,atencao,monitorar
486,2026-06-10 18:25:00,Talhao_Leste,-15.51632,-47.74066,25.2,24.8,23.5,61091.0,14.3,13.9,7.04,0.189,atencao,monitorar
487,2026-06-10 18:54:00,Talhao_Norte,-15.50949,-47.79858,22.2,87.7,59.5,69975.0,28.4,1.0,7.02,0.228,atencao,monitorar
488,2026-06-10 19:23:00,Talhao_Leste,-15.5162,-47.74273,25.3,49.0,79.4,68514.0,29.3,16.7,6.11,0.185,atencao,monitorar
489,2026-06-10 19:52:00,Talhao_Oeste,-15.52368,-47.85721,35.9,32.7,12.4,41837.0,11.6,8.1,7.51,0.298,critico,acao_recomendada
490,2026-06-10 20:21:00,Talhao_Sul,-15.55889,-47.79862,38.8,20.5,35.1,24183.0,24.3,22.4,6.63,0.583,atencao,monitorar
491,2026-06-10 20:50:00,Talhao_Norte,-15.4978,-47.79264,38.3,27.7,65.0,46595.0,27.0,22.2,7.21,0.666,atencao,monitorar
492,2026-06-10 21:19:00,Talhao_Central,-15.52518,-47.79834,28.7,54.0,20.3,22121.0,22.9,8.1,6.21,0.186,atencao,monitorar
493,2026-06-10 21:48:00,Talhao_Oeste,-15.52226,-47.84564,34.7,40.3,46.6,85658.0,5.3,22.5,7.43,0.907,saudavel,sem_alerta
494,2026-06-10 22:17:00,Talhao_Norte,-15.50839,-47.80256,24.5,77.2,60.0,39400.0,30.7,24.9,7.8,0.824,atencao,monitorar
495,2026-06-10 22:46:00,Talhao_Central,-15.52706,-47.80815,26.4,47.3,51.2,23129.0,18.9,20.6,5.09,0.387,atencao,monitorar
496,2026-06-10 23:15:00,Talhao_Norte,-15.50404,-47.80084,39.7,33.7,19.1,12163.0,9.9,21.1,7.83,0.212,critico,acao_recomendada
497,2026-06-10 23:44:00,Talhao_Leste,-15.5282,-47.75211,20.3,61.3,31.7,64895.0,14.9,6.2,6.66,0.286,atencao,monitorar
498,2026-06-11 00:13:00,Talhao_Norte,-15.49178,-47.79266,21.9,68.0,63.8,64137.0,1.3,14.4,7.88,0.252,atencao,monitorar
499,2026-06-11 00:42:00,Talhao_Norte,-15.50988,-47.80512,24.6,27.5,46.6,38951.0,4.5,1.7,6.23,0.249,atencao,monitorar
500,2026-06-11 01:11:00,Talhao_Norte,-15.50032,-47.79067,20.6,27.6,5.4,16096.0,26.8,2.4,6.02,0.565,critico,acao_recomendada
